<?xml version="1.0" encoding="UTF-8"?>
<configuration>
    <!-- Console Appender -->
    <appender name="CONSOLE" class="ch.qos.logback.core.ConsoleAppender">
        <encoder>
            <pattern>%d{yyyy-MM-dd HH:mm:ss.SSS} [%thread] %-5level %logger{36} - %msg%n</pattern>
        </encoder>
    </appender>
    
    <!-- File Appender for Application Logs -->
    <appender name="FILE" class="ch.qos.logback.core.rolling.RollingFileAppender">
        <file>logs/flixmate-application.log</file>
        <rollingPolicy class="ch.qos.logback.core.rolling.TimeBasedRollingPolicy">
            <fileNamePattern>logs/flixmate-application.%d{yyyy-MM-dd}.log</fileNamePattern>
            <maxHistory>30</maxHistory>
            <totalSizeCap>1GB</totalSizeCap>
        </rollingPolicy>
        <encoder>
            <pattern>%d{yyyy-MM-dd HH:mm:ss.SSS} [%thread] %-5level %logger{36} - %msg%n</pattern>
        </encoder>
    </appender>
    
    <!-- Performance Logs -->
    <appender name="PERFORMANCE" class="ch.qos.logback.core.rolling.RollingFileAppender">
        <file>logs/flixmate-performance.log</file>
        <rollingPolicy class="ch.qos.logback.core.rolling.TimeBasedRollingPolicy">
            <fileNamePattern>logs/flixmate-performance.%d{yyyy-MM-dd}.log</fileNamePattern>
            <maxHistory>7</maxHistory>
            <totalSizeCap>100MB</totalSizeCap>
        </rollingPolicy>
        <encoder>
            <pattern>%d{yyyy-MM-dd HH:mm:ss.SSS} [%thread] %-5level %logger{36} - %msg%n</pattern>
        </encoder>
    </appender>
    
    <!-- Error Logs -->
    <appender name="ERROR" class="ch.qos.logback.core.rolling.RollingFileAppender">
        <file>logs/flixmate-errors.log</file>
        <filter class="ch.qos.logback.classic.filter.LevelFilter">
            <level>ERROR</level>
            <onMatch>ACCEPT</onMatch>
            <onMismatch>DENY</onMismatch>
        </filter>
        <rollingPolicy class="ch.qos.logback.core.rolling.TimeBasedRollingPolicy">
            <fileNamePattern>logs/flixmate-errors.%d{yyyy-MM-dd}.log</fileNamePattern>
            <maxHistory>30</maxHistory>
            <totalSizeCap>500MB</totalSizeCap>
        </rollingPolicy>
        <encoder>
            <pattern>%d{yyyy-MM-dd HH:mm:ss.SSS} [%thread] %-5level %logger{36} - %msg%n</pattern>
        </encoder>
    </appender>
    
    <!-- JSON Logs for Logstash/ELK Stack -->
    <appender name="JSON" class="ch.qos.logback.core.rolling.RollingFileAppender">
        <file>logs/flixmate-json.log</file>
        <rollingPolicy class="ch.qos.logback.core.rolling.TimeBasedRollingPolicy">
            <fileNamePattern>logs/flixmate-json.%d{yyyy-MM-dd}.log</fileNamePattern>
            <maxHistory>7</maxHistory>
            <totalSizeCap>200MB</totalSizeCap>
        </rollingPolicy>
        <encoder class="net.logstash.logback.encoder.LoggingEventCompositeJsonEncoder">
            <providers>
                <timestamp/>
                <logLevel/>
                <loggerName/>
                <message/>
                <mdc/>
                <stackTrace/>
            </providers>
        </encoder>
    </appender>
    
    <!-- Performance Logger -->
    <logger name="com.flixmate.flixmate.api.monitoring" level="INFO" additivity="false">
        <appender-ref ref="PERFORMANCE"/>
        <appender-ref ref="CONSOLE"/>
    </logger>
    
    <!-- Application Logger -->
    <logger name="com.flixmate.flixmate.api" level="INFO" additivity="false">
        <appender-ref ref="FILE"/>
        <appender-ref ref="CONSOLE"/>
        <appender-ref ref="JSON"/>
    </logger>
    
    <!-- Error Logger -->
    <logger name="com.flixmate.flixmate.api" level="ERROR" additivity="false">
        <appender-ref ref="ERROR"/>
        <appender-ref ref="CONSOLE"/>
    </logger>
    
    <!-- Root Logger -->
    <root level="INFO">
        <appender-ref ref="CONSOLE"/>
        <appender-ref ref="FILE"/>
    </root>
</configuration>
